Code,Category,Description,Location,Date,StartTime,EndTime,Duration,Username
1000,1,VDS,Ballroom A,2019-10-20,8:45,10:35,1:50,
1001,1,VAHC,Ballroom B,2019-10-20,8:45,10:35,1:50,
1002,1,VIS4DH,Ballroom C,2019-10-20,8:45,10:35,1:50,
1003,1,2nd Workshop on Urban Data Visualization (CityVis) — Focus: The Role of the Citizen,Room 1,2019-10-20,8:45,10:35,1:50,
1004,1,"Topological Data Analysis Made Easy with the Topology ToolKit, A Sequel",Room 2,2019-10-20,8:45,10:35,1:50,
1005,1,SetVA: Set Visual Analytics,Room 3,2019-10-20,8:45,10:35,1:50,
1006,1,Better Presentations for Visualization Research,Room 7,2019-10-20,8:45,10:35,1:50,
1007,1,Workshop on Visualization for Communication (VisComm),Room 15,2019-10-20,8:45,10:35,1:50,
1008,1,VDS,Ballroom A,2019-10-20,10:35,12:25,1:50,
1009,1,VAHC,Ballroom B,2019-10-20,10:35,12:25,1:50,
1010,1,VIS4DH,Ballroom C,2019-10-20,10:35,12:25,1:50,
1011,1,2nd Workshop on Urban Data Visualization (CityVis) — Focus: The Role of the Citizen,Room 1,2019-10-20,10:35,12:25,1:50,
1012,1,"Topological Data Analysis Made Easy with the Topology ToolKit, A Sequel",Room 2,2019-10-20,10:35,12:25,1:50,
1013,1,SetVA: Set Visual Analytics,Room 3,2019-10-20,10:35,12:25,1:50,
1014,1,Better Presentations for Visualization Research,Room 7,2019-10-20,10:35,12:25,1:50,
1015,1,Workshop on Visualization for Communication (VisComm),Room 15,2019-10-20,10:35,12:25,1:50,
1016,1,VDS,Ballroom A,2019-10-20,14:05,15:55,1:50,
1017,1,VAHC,Ballroom B,2019-10-20,14:05,15:55,1:50,
1018,1,VIS4DH,Ballroom C,2019-10-20,14:05,15:55,1:50,
1019,1,Vis X Vision: Workshop on Novel Directions in Vision Science and Visualization Research,Room 1,2019-10-20,14:05,15:55,1:50,
1020,1,VTK-m - A ToolKit for Scientific Visualization on Many-Core Processors,Room 2,2019-10-20,14:05,15:55,1:50,
1021,1,MLUI 2019: Machine Learning from User Interactions for Visualization and Analytics,Room 3,2019-10-20,14:05,15:55,1:50,
1022,1,Visualizing Multivariate Networks,Room 7,2019-10-20,14:05,15:55,1:50,
1023,1,Visualization in meteorology and climate sciences: recent research and open challenges,Room 15,2019-10-20,14:05,15:55,1:50,
1024,1,VDS,Ballroom A,2019-10-20,15:55,17:45,1:50,
1025,1,VAHC,Ballroom B,2019-10-20,15:55,17:45,1:50,
1026,1,VIS4DH,Ballroom C,2019-10-20,15:55,17:45,1:50,
1027,1,Vis X Vision: Workshop on Novel Directions in Vision Science and Visualization Research,Room 1,2019-10-20,15:55,17:45,1:50,
1028,1,VTK-m - A ToolKit for Scientific Visualization on Many-Core Processors,Room 2,2019-10-20,15:55,17:45,1:50,
1029,1,MLUI 2019: Machine Learning from User Interactions for Visualization and Analytics,Room 3,2019-10-20,15:55,17:45,1:50,
1030,1,Visualizing Multivariate Networks,Room 7,2019-10-20,15:55,17:45,1:50,
1031,1,Visualization in meteorology and climate sciences: recent research and open challenges,Room 15,2019-10-20,15:55,17:45,1:50,
1032,1,LDAV,Ballroom A,2019-10-21,8:45,10:35,1:50,
1033,1,VisInPractice,Ballroom B,2019-10-21,8:45,10:35,1:50,
1034,1,VAST Challenge,Ballroom C,2019-10-21,8:45,10:35,1:50,
1035,1,DSIA 2019: Data Systems for Interactive Analysis,Room 1,2019-10-21,8:45,10:35,1:50,
1036,1,Visual Analysis and Design,Room 2,2019-10-21,8:45,10:35,1:50,
1037,1,Evaluation of Interactive Visual Machine Learning Systems (EVIVA-ML),Room 3,2019-10-21,8:45,10:35,1:50,
1038,1,"Statistical Data Representation, Visualization, and Uncertainty Analysis",Room 7,2019-10-21,8:45,10:35,1:50,
1039,1,Beyond Paper Types: How to Evaluate and Communicate VIS Research Contributions,Room 15,2019-10-21,8:45,10:35,1:50,
1040,1,LDAV,Ballroom A,2019-10-21,10:35,12:25,1:50,
1041,1,VisInPractice,Ballroom B,2019-10-21,10:35,12:25,1:50,
1042,1,VAST Challenge,Ballroom C,2019-10-21,10:35,12:25,1:50,
1043,1,DSIA 2019: Data Systems for Interactive Analysis,Room 1,2019-10-21,10:35,12:25,1:50,
1044,1,Visual Analysis and Design,Room 2,2019-10-21,10:35,12:25,1:50,
1045,1,Evaluation of Interactive Visual Machine Learning Systems (EVIVA-ML),Room 3,2019-10-21,10:35,12:25,1:50,
1046,1,"Statistical Data Representation, Visualization, and Uncertainty Analysis",Room 7,2019-10-21,10:35,12:25,1:50,
1047,1,Beyond Paper Types: How to Evaluate and Communicate VIS Research Contributions,Room 15,2019-10-21,10:35,12:25,1:50,
1048,1,LDAV,Ballroom A,2019-10-21,14:05,15:55,1:50,
1049,1,VisInPractice,Ballroom B,2019-10-21,14:05,15:55,1:50,
1050,1,VAST Challenge,Ballroom C,2019-10-21,14:05,15:55,1:50,
1051,1,Challenges in Multilayer Network Visualization and Analysis,Room 1,2019-10-21,14:05,15:55,1:50,
1052,1,Visualization for Social Good,Room 2,2019-10-21,14:05,15:55,1:50,
1053,1,2nd Workshop on Visualization for AI Explainability (VISxAI),Room 3,2019-10-21,14:05,15:55,1:50,
1054,1,User-Centred Evaluation in Visualization,Room 7,2019-10-21,14:05,15:55,1:50,
1055,1,Visualization Software Development for Researchers and End Users - from general issues to specific challenges for medical applications,Room 15,2019-10-21,14:05,15:55,1:50,
1056,1,LDAV,Ballroom A,2019-10-21,15:55,17:45,1:50,
1057,1,VisInPractice,Ballroom B,2019-10-21,15:55,17:45,1:50,
1058,1,VAST Challenge,Ballroom C,2019-10-21,15:55,17:45,1:50,
1059,1,Challenges in Multilayer Network Visualization and Analysis,Room 1,2019-10-21,15:55,17:45,1:50,
1060,1,Visualization for Social Good,Room 2,2019-10-21,15:55,17:45,1:50,
1061,1,2nd Workshop on Visualization for AI Explainability (VISxAI),Room 3,2019-10-21,15:55,17:45,1:50,
1062,1,User-Centred Evaluation in Visualization,Room 7,2019-10-21,15:55,17:45,1:50,
1063,1,Visualization paradigms in the renewable energy space,Room 15,2019-10-21,15:55,17:45,1:50,
1064,1,Fast Forward,TBD,2019-10-21,18:00,19:30,1:30,
1065,1,Fast Forward,TBD,2019-10-21,18:00,19:30,1:30,
1066,1,Fast Forward,TBD,2019-10-21,18:00,19:30,1:30,
1067,1,Fast Forward,TBD,2019-10-21,18:00,19:30,1:30,
1068,1,"Opening (Welcome, Awards, Best Papers)",TBD,2019-10-22,8:15,11:05,2:50,
1069,1,"Opening (Welcome, Awards, Best Papers)",TBD,2019-10-22,8:15,11:05,2:50,
1070,1,"Opening (Welcome, Awards, Best Papers)",TBD,2019-10-22,8:15,11:05,2:50,
1071,1,"Opening (Welcome, Awards, Best Papers)",TBD,2019-10-22,8:15,11:05,2:50,
1072,1,Keynote,TBD,2019-10-22,11:05,12:25,1:20,
1073,1,Keynote,TBD,2019-10-22,11:05,12:25,1:20,
1074,1,Keynote,TBD,2019-10-22,11:05,12:25,1:20,
1075,1,Keynote,TBD,2019-10-22,11:05,12:25,1:20,
1076,1,VAST Opening and A Tour of VAST,Ballroom A,2019-10-22,14:05,15:55,1:50,
1077,1,InfoVis Opening and Provocations,Ballroom B,2019-10-22,14:05,15:55,1:50,
1078,1,SciVis Opening and Scalar Topology,Ballroom C,2019-10-22,14:05,15:55,1:50,
1079,1,Short Papers Opening and Novel Interfaces,Room 1,2019-10-22,14:05,15:55,1:50,
1080,1,Panel: Exploring Reproducibility in Vis: Expanding on the National Academies' Report on Reproducibility and Replicability in Science,Room 2+3,2019-10-22,14:05,15:55,1:50,
1081,1,SciVis Contest,Room 8+15,2019-10-22,14:05,15:55,1:50,
1082,1,VIS Meets Machine Learning,Ballroom A,2019-10-22,15:55,17:45,1:50,
1083,1,Features and Topology,Ballroom B,2019-10-22,15:55,17:45,1:50,
1084,1,Bias & Patterns,Ballroom C,2019-10-22,15:55,17:45,1:50,
1085,1,Systems and Design Studies,Room 1,2019-10-22,15:55,17:45,1:50,
1086,1,Visualization Enabled Scientific Discovery,Room 2+3,2019-10-22,15:55,17:45,1:50,
1087,1,Supporters Presentations,Room 8+15,2019-10-22,15:55,17:45,1:50,
1088,1,Multiscale Visualization,Ballroom A,2019-10-23,8:45,10:35,1:50,
1089,1,Drawing Nodes and Edges,Ballroom B,2019-10-23,8:45,10:35,1:50,
1090,1,Flow,Ballroom C,2019-10-23,8:45,10:35,1:50,
1091,1,"Perception, Cognition, and Visualization Design",Room 1,2019-10-23,8:45,10:35,1:50,
1092,1,VizSec,Room 2+3,2019-10-23,8:45,10:35,1:50,
1093,1,VISAP Session 1,Room 8+15,2019-10-23,8:45,10:35,1:50,
1094,1,Evaluation & Reproducibility,Ballroom A,2019-10-23,10:35,12:25,1:50,
1095,1,Animation and Sports,Ballroom B,2019-10-23,10:35,12:25,1:50,
1096,1,Multivariate & Multidimensional Data,Ballroom C,2019-10-23,10:35,12:25,1:50,
1097,1,Does AI mean data visualization is dead?,Room 1,2019-10-23,10:35,12:25,1:50,
1098,1,VizSec,Room 2+3,2019-10-23,10:35,12:25,1:50,
1099,1,CG&A Session 1,Room 8+15,2019-10-23,10:35,12:25,1:50,
1100,1,Open discussion: Restructuring IEEE VIS for the Future,Ballroom A,2019-10-23,12:10,14:20,2:10,
1101,1,(De)Construction,Ballroom A,2019-10-23,14:05,15:55,1:50,
1102,1,Immersion and Virtual Environments,Ballroom B,2019-10-23,14:05,15:55,1:50,
1103,1,Planning and Situational Awareness,Ballroom C,2019-10-23,14:05,15:55,1:50,
1104,1,VIS Meets Machine Learning (Short),Room 1,2019-10-23,14:05,15:55,1:50,
1105,1,VizSec,Room 2+3,2019-10-23,14:05,15:55,1:50,
1106,1,Panel: Top Research Questions for Empirical Studies in Visualization,Room 8+15,2019-10-23,14:05,15:55,1:50,
1107,1,Fast Forward,TBD,2019-10-23,15:55,17:30,1:35,
1108,1,Fast Forward,TBD,2019-10-23,15:55,17:30,1:35,
1109,1,Fast Forward,TBD,2019-10-23,15:55,17:30,1:35,
1110,1,Fast Forward,TBD,2019-10-23,15:55,17:30,1:35,
1111,1,XAI and Fairness,Ballroom A,2019-10-24,8:45,10:35,1:50,
1112,1,Vis for Software and Systems,Ballroom B,2019-10-24,8:45,10:35,1:50,
1113,1,Large Data and Dimensionality Reduction,Ballroom C,2019-10-24,8:45,10:35,1:50,
1114,1,BioVis Challenge,Room 1,2019-10-24,8:45,10:35,1:50,
1115,1,VISAP Session 2,Room 2+3,2019-10-24,8:45,10:35,1:50,
1116,1,SIGGRAPH Session,Room 8+15,2019-10-24,8:45,10:35,1:50,
1117,1,Scatterplots,Ballroom A,2019-10-24,10:35,12:25,1:50,
1118,1,Volume Visualization,Ballroom B,2019-10-24,10:35,12:25,1:50,
1119,1,Geovisualization,Ballroom C,2019-10-24,10:35,12:25,1:50,
1120,1,BioVis Challenge,Room 1,2019-10-24,10:35,12:25,1:50,
1121,1,CG&A Session 2,Room 2+3,2019-10-24,10:35,12:25,1:50,
1122,1,Ensembles & Uncertainty,Ballroom A,2019-10-24,14:05,15:55,1:50,
1123,1,Interactive Machine Learning,Ballroom B,2019-10-24,14:05,15:55,1:50,
1124,1,Infographics & Storytelling,Ballroom C,2019-10-24,14:05,15:55,1:50,
1125,1,"Biology, Chemistry, and Medicine",Room 1,2019-10-24,14:05,15:55,1:50,
1126,1,"Panel: Visual Analytics, past, present and future",Room 2+3,2019-10-24,14:05,15:55,1:50,
1127,1,Visualization in Medicine ,Ballroom A,2019-10-24,15:55,17:45,1:50,
1128,1,Words & Documents,Ballroom B,2019-10-24,15:55,17:45,1:50,
1129,1,What's the difference?,Ballroom C,2019-10-24,15:55,17:45,1:50,
1130,1,"Multi-Dimensional Data, Time Series, Graphs, and Trees",Room 1,2019-10-24,15:55,17:45,1:50,
1131,1,Knowledge-assisted Visual Analytics meets Guidance and Onboarding,Room 2+3,2019-10-24,15:55,17:45,1:50,
1132,1,Influencers,Ballroom A,2019-10-25,8:45,10:35,1:50,
1133,1,Color,Ballroom B,2019-10-25,8:45,10:35,1:50,
1134,1,Searching & Querying,Ballroom C,2019-10-25,8:45,10:35,1:50,
1135,1,"Scalar, vector, and tensor fields",Room 1,2019-10-25,8:45,10:35,1:50,
1136,1,Feature-based Visual Interactive Systems to Optimize Decision Making,Room 2+3,2019-10-25,8:45,10:35,1:50,
1137,1,VIS Capstone and Closing,TBD,2019-10-25,10:45,12:35,1:50,
1138,1,VIS Capstone and Closing,TBD,2019-10-25,10:45,12:35,1:50,
1139,1,VIS Capstone and Closing,TBD,2019-10-25,10:45,12:35,1:50,
1140,1,VIS Capstone and Closing,TBD,2019-10-25,10:45,12:35,1:50,
1141,1,VIS Capstone and Closing,TBD,2019-10-25,10:45,12:35,1:50,
1142,1,VIS Capstone and Closing,TBD,2019-10-25,10:45,12:35,1:50,
2000,2,Posters,Exhibition Hall A,2019-10-20,8:45,10:30,1:45,
2001,2,Posters,Exhibition Hall A,2019-10-20,10:30,12:30,2:00,
2002,2,Posters,Exhibition Hall A,2019-10-20,12:30,14:30,2:00,
2003,2,Posters,Exhibition Hall A,2019-10-20,14:00,16:00,2:00,
2004,2,Posters,Exhibition Hall A,2019-10-20,16:00,18:00,2:00,
2005,2,Posters,Exhibition Hall A,2019-10-20,18:00,21:00,3:00,
2006,2,Posters,Exhibition Hall A,2019-10-21,8:30,10:00,1:30,
2007,2,Posters,Exhibition Hall A,2019-10-21,10:00,12:00,2:00,
2008,2,Posters,Exhibition Hall A,2019-10-21,12:00,14:00,2:00,
2009,2,Posters,Exhibition Hall A,2019-10-21,14:00,16:00,2:00,
2010,2,Posters,Exhibition Hall A,2019-10-21,16:00,18:00,2:00,
2011,2,Arts Show Setup,TBD,2019-10-21,18:00,20:00,2:00,
2012,2,Arts Show Setup,TBD,2019-10-21,18:00,20:00,2:00,
2013,2,Posters,Exhibition Hall A,2019-10-22,9:00,10:30,1:30,
2014,2,Posters,Exhibition Hall A,2019-10-22,10:30,12:00,1:30,
2015,2,Posters,Exhibition Hall A,2019-10-22,12:00,14:00,2:00,
2016,2,Posters,Exhibition Hall A,2019-10-22,14:00,16:00,2:00,
2017,2,Posters,Exhibition Hall A,2019-10-22,16:00,18:00,2:00,
2018,2,Arts Show,TBD,2019-10-22,9:00,10:30,1:30,
2019,2,Arts Show,TBD,2019-10-22,10:30,12:00,1:30,
2020,2,Arts Show,TBD,2019-10-22,12:00,14:00,2:00,
2021,2,Arts Show,TBD,2019-10-22,14:00,16:00,2:00,
2022,2,Arts Show,TBD,2019-10-22,16:00,18:00,2:00,
2023,2,Exhibits,TBD,2019-10-22,9:00,10:30,1:30,
2024,2,Exhibits,TBD,2019-10-22,10:30,12:00,1:30,
2025,2,Exhibits,TBD,2019-10-22,12:00,14:00,2:00,
2026,2,Arts Show,TBD,2019-10-23,9:00,10:30,1:30,
2027,2,Exhibits,TBD,2019-10-22,14:00,16:00,2:00,
2028,2,Exhibits,TBD,2019-10-22,16:00,18:00,2:00,
2029,2,Arts Show,TBD,2019-10-23,10:30,12:00,1:30,
2030,2,Arts Show,TBD,2019-10-23,12:00,14:00,2:00,
2031,2,Arts Show,TBD,2019-10-23,14:00,16:00,2:00,
2032,2,Arts Show,TBD,2019-10-23,16:00,18:00,2:00,
2033,2,Posters,Exhibition Hall A,2019-10-23,9:00,10:30,1:30,
2034,2,Posters,Exhibition Hall A,2019-10-23,10:30,12:00,1:30,
2035,2,Posters,Exhibition Hall A,2019-10-23,12:00,14:00,2:00,
2036,2,Posters,Exhibition Hall A,2019-10-23,14:00,16:00,2:00,
2037,2,Posters,Exhibition Hall A,2019-10-23,16:00,18:00,2:00,
2038,2,Exhibits,TBD,2019-10-23,9:00,10:30,1:30,
2039,2,Exhibits,TBD,2019-10-23,10:30,12:00,1:30,
2040,2,Exhibits,TBD,2019-10-23,12:00,14:00,2:00,
2041,2,Exhibits,TBD,2019-10-23,14:00,16:00,2:00,
2042,2,Exhibits,TBD,2019-10-23,16:00,18:00,2:00,
2043,2,Arts Show,TBD,2019-10-24,9:00,10:30,1:30,
2044,2,Arts Show,TBD,2019-10-24,10:30,12:00,1:30,
2045,2,Arts Show,TBD,2019-10-24,12:00,14:00,2:00,
2046,2,Arts Show,TBD,2019-10-24,14:00,16:00,2:00,
2047,2,Arts Show,TBD,2019-10-24,16:00,18:00,2:00,
2048,2,Exhibits,Exhibition Hall A,2019-10-24,9:00,10:30,1:30,
2049,2,Exhibits,Exhibition Hall A,2019-10-24,10:30,12:00,1:30,
2050,2,Exhibits,TBD,2019-10-24,12:00,14:00,2:00,
2051,2,Exhibits,TBD,2019-10-24,14:00,16:00,2:00,
2052,2,Exhibits,TBD,2019-10-24,16:00,18:00,2:00,
2053,2,Poster Removal,Exhibition Hall A,2019-10-24,18:00,19:00,1:00,
2054,2,Posters,Exhibition Hall A,2019-10-24,9:00,10:30,1:30,
2055,2,Posters,Exhibition Hall A,2019-10-24,10:30,12:00,1:30,
2056,2,Posters,Exhibition Hall A,2019-10-24,12:00,14:00,2:00,
2057,2,Posters,Exhibition Hall A,2019-10-24,14:00,16:00,2:00,
2058,2,Poster Removal,Exhibition Hall A,2019-10-25,7:30,9:30,2:00,
2059,2,Posters,Exhibition Hall A,2019-10-24,16:00,18:00,2:00,
2060,2,Poster Removal,Exhibition Hall A,2019-10-25,9:30,11:30,2:00,
3000,3,Registration Setup,Registration Desk (TBD),2019-10-19,16:00,18:00,2:00,
3001,3,Registration Setup,Registration Desk (TBD),2019-10-19,16:00,18:00,2:00,
3002,3,Registration,Registration Desk (TBD),2019-10-19,18:00,20:00,2:00,
3003,3,Registration,Registration Desk (TBD),2019-10-19,18:00,20:00,2:00,
3004,3,Registration,Registration Desk (TBD),2019-10-19,18:00,20:00,2:00,
3005,3,Registration,Registration Desk (TBD),2019-10-19,18:00,20:00,2:00,
3006,3,Registration (Director),Registration Desk (TBD),2019-10-19,18:00,20:00,2:00,
3007,3,Registration,Registration Desk (TBD),2019-10-20,7:00,10:00,3:00,
3008,3,Registration,Registration Desk (TBD),2019-10-20,7:00,10:00,3:00,
3009,3,Registration,Registration Desk (TBD),2019-10-20,7:00,10:00,3:00,
3010,3,Registration,Registration Desk (TBD),2019-10-20,7:00,10:00,3:00,
3011,3,Registration (Director),Registration Desk (TBD),2019-10-20,7:00,10:00,3:00,
3012,3,Info Desk,Registration Desk (TBD),2019-10-20,7:00,10:00,3:00,
3013,3,Crowd Control,Registration Desk (TBD),2019-10-20,7:00,10:00,3:00,
3014,3,Registration,Registration Desk (TBD),2019-10-20,10:00,12:00,2:00,
3015,3,Registration,Registration Desk (TBD),2019-10-20,10:00,12:00,2:00,
3016,3,Registration,Registration Desk (TBD),2019-10-20,10:00,12:00,2:00,
3017,3,Registration,Registration Desk (TBD),2019-10-20,12:00,14:00,2:00,
3018,3,Registration,Registration Desk (TBD),2019-10-20,12:00,14:00,2:00,
3019,3,Registration,Registration Desk (TBD),2019-10-20,14:00,16:30,2:30,
3020,3,Registration,Registration Desk (TBD),2019-10-20,14:00,16:30,2:30,
3021,3,Registration,Registration Desk (TBD),2019-10-21,7:30,10:00,2:30,
3022,3,Registration,Registration Desk (TBD),2019-10-21,7:30,10:00,2:30,
3023,3,Registration,Registration Desk (TBD),2019-10-21,7:30,10:00,2:30,
3024,3,Registration,Registration Desk (TBD),2019-10-21,7:30,10:00,2:30,
3025,3,Registration,Registration Desk (TBD),2019-10-21,10:00,12:00,2:00,
3026,3,Registration,Registration Desk (TBD),2019-10-21,10:00,12:00,2:00,
3027,3,Registration,Registration Desk (TBD),2019-10-21,12:00,14:00,2:00,
3028,3,Registration,Registration Desk (TBD),2019-10-21,12:00,14:00,2:00,
3029,3,Registration,Registration Desk (TBD),2019-10-21,14:00,16:30,2:30,
3030,3,Registration,Registration Desk (TBD),2019-10-21,14:00,16:30,2:30,
3031,3,Registration,Registration Desk (TBD),2019-10-22,7:00,10:00,3:00,
3032,3,Registration,Registration Desk (TBD),2019-10-22,7:00,10:00,3:00,
3033,3,Registration,Registration Desk (TBD),2019-10-22,7:00,10:00,3:00,
3034,3,Registration,Registration Desk (TBD),2019-10-22,7:00,10:00,3:00,
3035,3,Info Desk,Registration Desk (TBD),2019-10-22,7:00,10:00,3:00,
3036,3,Crowd Control,Registration Desk (TBD),2019-10-22,7:00,10:00,3:00,
3037,3,Registration,Registration Desk (TBD),2019-10-22,10:00,12:00,2:00,
3038,3,Registration,Registration Desk (TBD),2019-10-22,10:00,12:00,2:00,
3039,3,Registration,Registration Desk (TBD),2019-10-22,12:00,14:00,2:00,
3040,3,Registration,Registration Desk (TBD),2019-10-22,12:00,14:00,2:00,
3041,3,Registration,Registration Desk (TBD),2019-10-22,14:00,16:30,2:30,
3042,3,Registration,Registration Desk (TBD),2019-10-22,14:00,16:30,2:30,
3043,3,Registration,Registration Desk (TBD),2019-10-23,7:30,10:00,2:30,
3044,3,Registration,Registration Desk (TBD),2019-10-23,7:30,10:00,2:30,
3045,3,Registration,Registration Desk (TBD),2019-10-23,10:00,12:00,2:00,
3046,3,Registration,Registration Desk (TBD),2019-10-23,10:00,12:00,2:00,
3047,3,Registration,Registration Desk (TBD),2019-10-23,12:00,14:00,2:00,
3048,3,Registration,Registration Desk (TBD),2019-10-23,12:00,14:00,2:00,
3049,3,Registration,Registration Desk (TBD),2019-10-23,14:00,16:30,2:30,
3050,3,Registration,Registration Desk (TBD),2019-10-23,14:00,16:30,2:30,
3051,3,Registration,Registration Desk (TBD),2019-10-24,7:30,10:00,2:30,
3052,3,Registration,Registration Desk (TBD),2019-10-24,7:30,10:00,2:30,
3053,3,Registration,Registration Desk (TBD),2019-10-24,8:30,10:00,1:30,
3054,3,Registration,Registration Desk (TBD),2019-10-24,10:00,12:00,2:00,
3055,3,Registration,Registration Desk (TBD),2019-10-24,12:00,14:00,2:00,
3056,3,Registration,Registration Desk (TBD),2019-10-24,14:00,16:30,2:30,
3057,3,Registration,Registration Desk (TBD),2019-10-25,7:30,9:00,1:30,
3058,3,Registration,Registration Desk (TBD),2019-10-25,9:00,10:30,1:30,
4000,4,Speaker Prep,Speaker Prep Room (TBD),2019-10-20,8:00,10:00,2:00,
4001,4,Speaker Prep,Speaker Prep Room (TBD),2019-10-20,10:00,12:00,2:00,
4002,4,Speaker Prep,Speaker Prep Room (TBD),2019-10-20,12:00,14:00,2:00,
4003,4,Speaker Prep,Speaker Prep Room (TBD),2019-10-20,14:00,16:00,2:00,
4004,4,Speaker Prep,Speaker Prep Room (TBD),2019-10-20,16:00,18:00,2:00,
4005,4,Speaker Prep,Speaker Prep Room (TBD),2019-10-21,8:00,10:00,2:00,
4006,4,Speaker Prep,Speaker Prep Room (TBD),2019-10-21,10:00,12:00,2:00,
4007,4,Speaker Prep,Speaker Prep Room (TBD),2019-10-21,12:00,14:00,2:00,
4008,4,Speaker Prep,Speaker Prep Room (TBD),2019-10-21,14:00,16:00,2:00,
4009,4,Speaker Prep,Speaker Prep Room (TBD),2019-10-21,16:00,18:00,2:00,
4010,4,Speaker Prep,Speaker Prep Room (TBD),2019-10-22,8:00,10:00,2:00,
4011,4,Speaker Prep,Speaker Prep Room (TBD),2019-10-22,10:00,12:00,2:00,
4012,4,Speaker Prep,Speaker Prep Room (TBD),2019-10-22,12:00,14:00,2:00,
4013,4,Speaker Prep,Speaker Prep Room (TBD),2019-10-22,14:00,16:00,2:00,
4014,4,Speaker Prep,Speaker Prep Room (TBD),2019-10-22,16:00,18:00,2:00,
4015,4,Speaker Prep,Speaker Prep Room (TBD),2019-10-23,8:00,10:00,2:00,
4016,4,Speaker Prep,Speaker Prep Room (TBD),2019-10-23,10:00,12:00,2:00,
4017,4,Speaker Prep,Speaker Prep Room (TBD),2019-10-23,12:00,14:00,2:00,
4018,4,Speaker Prep,Speaker Prep Room (TBD),2019-10-23,14:00,16:00,2:00,
4019,4,Speaker Prep,Speaker Prep Room (TBD),2019-10-23,16:00,18:00,2:00,
4020,4,Speaker Prep,Speaker Prep Room (TBD),2019-10-24,8:00,10:00,2:00,
4021,4,Speaker Prep,Speaker Prep Room (TBD),2019-10-24,10:00,12:00,2:00,
4022,4,Speaker Prep,Speaker Prep Room (TBD),2019-10-24,12:00,14:00,2:00,
4023,4,Speaker Prep,Speaker Prep Room (TBD),2019-10-24,14:00,16:00,2:00,
4024,4,Speaker Prep,Speaker Prep Room (TBD),2019-10-24,16:00,18:00,2:00,
5000,5,Standby,SV Room (TBD),2019-10-19,15:00,17:00,2:00,
5001,5,Standby,SV Room (TBD),2019-10-19,15:00,17:00,2:00,
5002,5,Standby,SV Room (TBD),2019-10-19,17:00,19:00,2:00,
5003,5,Standby,SV Room (TBD),2019-10-19,17:00,19:00,2:00,
5004,5,Standby,SV Room (TBD),2019-10-20,7:00,8:30,1:30,
5005,5,Standby,SV Room (TBD),2019-10-20,7:00,8:30,1:30,
5006,5,Standby,SV Room (TBD),2019-10-20,7:00,8:30,1:30,
5007,5,Standby,SV Room (TBD),2019-10-20,7:00,8:30,1:30,
5008,5,Standby,SV Room (TBD),2019-10-20,8:30,10:00,1:30,
5009,5,Standby,SV Room (TBD),2019-10-20,8:30,10:00,1:30,
5010,5,Standby,SV Room (TBD),2019-10-20,8:30,10:00,1:30,
5011,5,Standby,SV Room (TBD),2019-10-20,8:30,10:00,1:30,
5012,5,Standby,SV Room (TBD),2019-10-20,10:00,12:00,2:00,
5013,5,Standby,SV Room (TBD),2019-10-20,10:00,12:00,2:00,
5014,5,Standby,SV Room (TBD),2019-10-20,10:00,12:00,2:00,
5015,5,Standby,SV Room (TBD),2019-10-20,10:00,12:00,2:00,
5016,5,VisBuddies Setup,TBD,2019-10-20,11:30,12:30,1:00,
5017,5,VisBuddies Setup,TBD,2019-10-20,11:30,12:30,1:00,
5018,5,Standby,SV Room (TBD),2019-10-20,12:00,14:00,2:00,
5019,5,Standby,SV Room (TBD),2019-10-20,12:00,14:00,2:00,
5020,5,Standby,SV Room (TBD),2019-10-20,14:00,16:00,2:00,
5021,5,Standby,SV Room (TBD),2019-10-20,14:00,16:00,2:00,
5022,5,Standby,SV Room (TBD),2019-10-20,16:00,18:00,2:00,
5023,5,Standby,SV Room (TBD),2019-10-20,16:00,18:00,2:00,
5024,5,Standby,SV Room (TBD),2019-10-20,18:00,20:00,2:00,
5025,5,Standby,SV Room (TBD),2019-10-20,18:00,20:00,2:00,
5026,5,VIS Opening Reception,TBD,2019-10-20,18:45,21:00,2:15,
5027,5,VIS Opening Reception,TBD,2019-10-20,18:45,21:00,2:15,
5028,5,VIS Opening Reception,TBD,2019-10-20,18:45,21:00,2:15,
5029,5,VIS Opening Reception,TBD,2019-10-20,18:45,21:00,2:15,
5030,5,VIS Opening Reception,TBD,2019-10-20,18:45,21:00,2:15,
5031,5,VIS Opening Reception,TBD,2019-10-20,18:45,21:00,2:15,
5032,5,Standby,SV Room (TBD),2019-10-21,7:30,10:00,2:30,
5033,5,Standby,SV Room (TBD),2019-10-21,7:30,10:00,2:30,
5034,5,Standby,SV Room (TBD),2019-10-21,10:00,12:00,2:00,
5035,5,Standby,SV Room (TBD),2019-10-21,10:00,12:00,2:00,
5036,5,Standby,SV Room (TBD),2019-10-21,12:00,14:00,2:00,
5037,5,Standby,SV Room (TBD),2019-10-21,12:00,14:00,2:00,
5038,5,Standby,SV Room (TBD),2019-10-21,14:00,16:00,2:00,
5039,5,Standby,SV Room (TBD),2019-10-21,14:00,16:00,2:00,
5040,5,Standby,SV Room (TBD),2019-10-21,16:00,18:00,2:00,
5041,5,Standby,SV Room (TBD),2019-10-21,16:00,18:00,2:00,
5042,5,Standby,SV Room (TBD),2019-10-21,18:00,20:00,2:00,
5043,5,Standby,SV Room (TBD),2019-10-22,7:00,8:30,1:30,
5044,5,Standby,SV Room (TBD),2019-10-21,18:00,20:00,2:00,
5045,5,Standby,SV Room (TBD),2019-10-22,7:00,8:30,1:30,
5046,5,Standby,SV Room (TBD),2019-10-22,8:30,10:00,1:30,
5047,5,Standby,SV Room (TBD),2019-10-22,8:30,10:00,1:30,
5048,5,Standby,SV Room (TBD),2019-10-22,8:30,10:00,1:30,
5049,5,Standby,SV Room (TBD),2019-10-22,10:00,12:00,2:00,
5050,5,Standby,SV Room (TBD),2019-10-22,10:00,12:00,2:00,
5051,5,Standby,SV Room (TBD),2019-10-22,10:00,12:00,2:00,
5052,5,Standby,SV Room (TBD),2019-10-22,12:00,14:00,2:00,
5053,5,Standby,SV Room (TBD),2019-10-22,12:00,14:00,2:00,
5054,5,Standby,SV Room (TBD),2019-10-22,14:00,16:00,2:00,
5055,5,Standby,SV Room (TBD),2019-10-22,14:00,16:00,2:00,
5056,5,Standby,SV Room (TBD),2019-10-22,16:00,18:00,2:00,
5057,5,Standby,SV Room (TBD),2019-10-22,16:00,18:00,2:00,
5058,5,Standby,SV Room (TBD),2019-10-22,18:00,20:00,2:00,
5059,5,Standby,SV Room (TBD),2019-10-22,18:00,20:00,2:00,
5060,5,Celebration of Life - Luana Micallef,Room 1,2019-10-22,18:30,20:30,2:00,
5061,5,Arts Program Reception,TBD,2019-10-22,18:45,21:00,2:15,
5062,5,Arts Program Reception,TBD,2019-10-22,18:45,21:00,2:15,
5063,5,Arts Program Reception,TBD,2019-10-22,18:45,21:00,2:15,
5064,5,Arts Program Reception,TBD,2019-10-22,18:45,21:00,2:15,
5065,5,Standby,SV Room (TBD),2019-10-23,7:30,8:30,1:00,
5066,5,Standby,SV Room (TBD),2019-10-23,7:30,8:30,1:00,
5067,5,Standby,SV Room (TBD),2019-10-23,8:30,10:00,1:30,
5068,5,Standby,SV Room (TBD),2019-10-23,8:30,10:00,1:30,
5069,5,Standby,SV Room (TBD),2019-10-23,10:00,12:00,2:00,
5070,5,Standby,SV Room (TBD),2019-10-23,10:00,12:00,2:00,
5071,5,Standby,SV Room (TBD),2019-10-23,12:00,14:00,2:00,
5072,5,Standby,SV Room (TBD),2019-10-23,12:00,14:00,2:00,
5073,5,Standby,SV Room (TBD),2019-10-23,14:00,16:00,2:00,
5074,5,Standby,SV Room (TBD),2019-10-23,14:00,16:00,2:00,
5075,5,Standby,SV Room (TBD),2019-10-23,16:00,18:00,2:00,
5076,5,Standby,SV Room (TBD),2019-10-23,16:00,18:00,2:00,
5077,5,Posters & Networking & Hiring Events,TBD,2019-10-23,17:00,19:00,2:00,
5078,5,Posters & Networking & Hiring Events,TBD,2019-10-23,17:00,19:00,2:00,
5079,5,Standby,SV Room (TBD),2019-10-23,18:00,20:00,2:00,
5080,5,Standby,SV Room (TBD),2019-10-23,18:00,20:00,2:00,
5081,5,VIS Banquet/Dinner Reception,TBD,2019-10-23,18:45,21:30,2:45,
5082,5,VIS Banquet/Dinner Reception,TBD,2019-10-23,18:45,21:30,2:45,
5083,5,VIS Banquet/Dinner Reception,TBD,2019-10-23,18:45,21:30,2:45,
5084,5,VIS Banquet/Dinner Reception,TBD,2019-10-23,18:45,21:30,2:45,
5085,5,VIS Banquet/Dinner Reception,TBD,2019-10-23,18:45,21:30,2:45,
5086,5,VIS Banquet/Dinner Reception,TBD,2019-10-23,18:45,21:30,2:45,
5087,5,Standby,SV Room (TBD),2019-10-24,7:30,8:30,1:00,
5088,5,Standby,SV Room (TBD),2019-10-24,7:30,8:30,1:00,
5089,5,Standby,SV Room (TBD),2019-10-24,8:30,10:00,1:30,
5090,5,Standby,SV Room (TBD),2019-10-24,8:30,10:00,1:30,
5091,5,Standby,SV Room (TBD),2019-10-24,10:00,12:00,2:00,
5092,5,Standby,SV Room (TBD),2019-10-24,10:00,12:00,2:00,
5093,5,VIS 2020 Kickoff Meeting,Ballroom A,2019-10-24,12:20,14:20,2:00,
5094,5,Standby,SV Room (TBD),2019-10-24,12:00,14:00,2:00,
5095,5,Standby,SV Room (TBD),2019-10-24,12:00,14:00,2:00,
5096,5,Standby,SV Room (TBD),2019-10-24,14:00,16:00,2:00,
5097,5,Standby,SV Room (TBD),2019-10-24,14:00,16:00,2:00,
5098,5,Standby,SV Room (TBD),2019-10-24,16:00,18:00,2:00,
5099,5,Standby,SV Room (TBD),2019-10-24,16:00,18:00,2:00,
5100,5,Standby,SV Room (TBD),2019-10-24,18:00,20:00,2:00,
5101,5,Standby,SV Room (TBD),2019-10-24,18:00,20:00,2:00,
5102,5,Standby,SV Room (TBD),2019-10-25,7:30,8:30,1:00,
5103,5,Standby,SV Room (TBD),2019-10-25,7:30,8:30,1:00,
5104,5,Standby,SV Room (TBD),2019-10-25,8:30,10:00,1:30,
5105,5,Standby,SV Room (TBD),2019-10-25,8:30,10:00,1:30,
5106,5,Standby,SV Room (TBD),2019-10-25,10:00,12:00,2:00,
5107,5,Standby,SV Room (TBD),2019-10-25,10:00,12:00,2:00,
7000,7,Training,SV Room (TBD),2019-10-19,20:15,21:30,1:15,
7001,7,Training,SV Room (TBD),2019-10-19,20:15,21:30,1:15,
7002,7,Training,SV Room (TBD),2019-10-19,20:15,21:30,1:15,
7003,7,Training,SV Room (TBD),2019-10-19,20:15,21:30,1:15,
7004,7,Training,SV Room (TBD),2019-10-19,20:15,21:30,1:15,
7005,7,Training,SV Room (TBD),2019-10-19,20:15,21:30,1:15,
7006,7,Training,SV Room (TBD),2019-10-19,20:15,21:30,1:15,
7007,7,Training,SV Room (TBD),2019-10-19,20:15,21:30,1:15,
7008,7,Training,SV Room (TBD),2019-10-19,20:15,21:30,1:15,
7009,7,Training,SV Room (TBD),2019-10-19,20:15,21:30,1:15,
7010,7,Training,SV Room (TBD),2019-10-19,20:15,21:30,1:15,
7011,7,Training,SV Room (TBD),2019-10-19,20:15,21:30,1:15,
7012,7,Training,SV Room (TBD),2019-10-19,20:15,21:30,1:15,
7013,7,Training,SV Room (TBD),2019-10-19,20:15,21:30,1:15,
7014,7,Training,SV Room (TBD),2019-10-19,20:15,21:30,1:15,
7015,7,Training,SV Room (TBD),2019-10-19,20:15,21:30,1:15,
7016,7,Training,SV Room (TBD),2019-10-19,20:15,21:30,1:15,
7017,7,Training,SV Room (TBD),2019-10-19,20:15,21:30,1:15,
7018,7,Training,SV Room (TBD),2019-10-19,20:15,21:30,1:15,
7019,7,Training,SV Room (TBD),2019-10-19,20:15,21:30,1:15,
7020,7,Training,SV Room (TBD),2019-10-19,20:15,21:30,1:15,
7021,7,Training,SV Room (TBD),2019-10-19,20:15,21:30,1:15,
7022,7,Training,SV Room (TBD),2019-10-19,20:15,21:30,1:15,
7023,7,Training,SV Room (TBD),2019-10-19,20:15,21:30,1:15,
7024,7,Training,SV Room (TBD),2019-10-19,20:15,21:30,1:15,
7025,7,Training,SV Room (TBD),2019-10-19,20:15,21:30,1:15,
7026,7,Training,SV Room (TBD),2019-10-19,20:15,21:30,1:15,
7027,7,Training,SV Room (TBD),2019-10-19,20:15,21:30,1:15,
7028,7,Training,SV Room (TBD),2019-10-19,20:15,21:30,1:15,
7029,7,Training,SV Room (TBD),2019-10-19,20:15,21:30,1:15,
7030,7,Training,SV Room (TBD),2019-10-19,20:15,21:30,1:15,
7031,7,Training,SV Room (TBD),2019-10-19,20:15,21:30,1:15,
7032,7,Training,SV Room (TBD),2019-10-19,20:15,21:30,1:15,
7033,7,Training,SV Room (TBD),2019-10-19,20:15,21:30,1:15,
7034,7,Training,SV Room (TBD),2019-10-19,20:15,21:30,1:15,
7035,7,Training,SV Room (TBD),2019-10-19,20:15,21:30,1:15,
7036,7,Training,SV Room (TBD),2019-10-19,20:15,21:30,1:15,
7037,7,Training,SV Room (TBD),2019-10-19,20:15,21:30,1:15,
7038,7,Training,SV Room (TBD),2019-10-19,20:15,21:30,1:15,
7039,7,Training,SV Room (TBD),2019-10-19,20:15,21:30,1:15,
7040,7,Training,SV Room (TBD),2019-10-19,20:15,21:30,1:15,
7041,7,Training,SV Room (TBD),2019-10-20,18:15,19:30,1:15,
7042,7,Training,SV Room (TBD),2019-10-20,18:15,19:30,1:15,
7043,7,Training,SV Room (TBD),2019-10-20,18:15,19:30,1:15,
7044,7,Training,SV Room (TBD),2019-10-20,18:15,19:30,1:15,
7045,7,Training,SV Room (TBD),2019-10-20,18:15,19:30,1:15,
7046,7,Training,SV Room (TBD),2019-10-20,18:15,19:30,1:15,
7047,7,Training,SV Room (TBD),2019-10-20,18:15,19:30,1:15,
7048,7,Training,SV Room (TBD),2019-10-20,18:15,19:30,1:15,
7049,7,Training,SV Room (TBD),2019-10-20,18:15,19:30,1:15,
7050,7,Training,SV Room (TBD),2019-10-20,18:15,19:30,1:15,
7051,7,Training,SV Room (TBD),2019-10-20,18:15,19:30,1:15,
7052,7,Training,SV Room (TBD),2019-10-20,18:15,19:30,1:15,
7053,7,Training,SV Room (TBD),2019-10-20,18:15,19:30,1:15,
7054,7,Training,SV Room (TBD),2019-10-20,18:15,19:30,1:15,
7055,7,Training,SV Room (TBD),2019-10-20,18:15,19:30,1:15,
7056,7,Training,SV Room (TBD),2019-10-20,18:15,19:30,1:15,
7057,7,Training,SV Room (TBD),2019-10-20,18:15,19:30,1:15,
7058,7,Training,SV Room (TBD),2019-10-20,18:15,19:30,1:15,
7059,7,Training,SV Room (TBD),2019-10-20,18:15,19:30,1:15,
7060,7,Training,SV Room (TBD),2019-10-20,18:15,19:30,1:15,
7061,7,Training,SV Room (TBD),2019-10-20,18:15,19:30,1:15,
8000,8,Day Captain,SV Room (TBD),2019-10-20,7:00,21:00,14:00,hazarika.3@osu.edu
8001,8,Day Captain,SV Room (TBD),2019-10-21,7:30,20:00,12:30,xiyao.wang@inria.fr
8002,8,Day Captain,SV Room (TBD),2019-10-22,7:00,21:00,14:00,dowlingm@vt.edu
8003,8,Day Captain,SV Room (TBD),2019-10-23,7:30,21:00,13:30,jtrell2@uic.edu
8004,8,Day Captain,SV Room (TBD),2019-10-24,7:30,20:30,13:00,tom.horak@tu-dresden.de
8005,8,Day Captain,SV Room (TBD),2019-10-25,7:30,13:00,5:30,nicolebs@cs.toronto.edu